{"camera_matrix": [[855.0909270616573, 0.0, 923.012179404424], [0.0, 906.1530443708343, 545.5414747381752], [0.0, 0.0, 1.0]], "distortion_coefficients": [[-0.596406463914703, 0.1594042557649607, 0.0840395601180107, -0.218924049111655, -0.16439301170411674]]}