{"camera_matrix": [[958.1088549525995, 0.0, 665.6967832911173], [0.0, 958.7246500736022, 386.1805273698702], [0.0, 0.0, 1.0]], "distortion_coefficients": [[-0.10337621764753371, 1.7236968307454381, 0.004971139400479775, 0.0012783863464826592, -5.794641094722345]]}